函数名,调用数,已用非独占时间百分比,已用独占时间百分比,平均已用非独占时间,平均已用独占时间,模块名,
"H_compute","1,000",58.76,58.76,2.41,2.41,"SSE-yu.exe",
"Ez_vector_body","1,000",39.90,39.90,1.63,1.63,"SSE-yu.exe",
"Bd_proc_left_right","1,000",0.74,0.74,0.03,0.03,"SSE-yu.exe",
"?sputn@?$basic_streambuf@DU?$char_traits@D@std@@@std@@QEAA_JPEBD_J@Z",10,0.11,0.11,0.45,0.45,"MSVCP140.dll",
"H_Init",1,0.11,0.10,4.44,4.30,"SSE-yu.exe",
"compute",1,99.64,0.10,"4,082.87",4.14,"SSE-yu.exe",
"Bd_proc_up","1,000",0.08,0.08,0.00,0.00,"SSE-yu.exe",
"Bd_proc_down","1,000",0.06,0.06,0.00,0.00,"SSE-yu.exe",
"Ez_Init",1,0.09,0.05,3.87,2.00,"SSE-yu.exe",
"??6?$basic_ostream@DU?$char_traits@D@std@@@std@@QEAAAEAV01@M@Z",5,0.04,0.04,0.30,0.30,"MSVCP140.dll",
"??6?$basic_ostream@DU?$char_traits@D@std@@@std@@QEAAAEAV01@H@Z",3,0.03,0.03,0.39,0.39,"MSVCP140.dll",
"?_Fiopen@std@@YAPEAU_iobuf@@PEBDHH@Z",3,0.01,0.01,0.12,0.12,"MSVCP140.dll",
"mainCRTStartup",1,100.00,0.01,"4,097.71",0.34,"SSE-yu.exe",
"_aligned_malloc",3,0.00,0.00,0.05,0.05,"ucrtbase.dll",
"?put@?$basic_ostream@DU?$char_traits@D@std@@@std@@QEAAAEAV12@D@Z",10,0.00,0.00,0.02,0.02,"MSVCP140.dll",
"fclose",3,0.00,0.00,0.03,0.03,"ucrtbase.dll",
"File_Init",1,0.01,0.00,0.56,0.04,"SSE-yu.exe",
"malloc",8,0.00,0.00,0.00,0.00,"ucrtbase.dll",
"__scrt_common_main_seh",1,99.99,0.00,"4,097.37",0.03,"SSE-yu.exe",
"pre_cpp_initialization",1,0.00,0.00,0.04,0.03,"SSE-yu.exe",
"?uncaught_exception@std@@YA_NXZ",10,0.00,0.00,0.00,0.00,"MSVCP140.dll",
"?_Getcat@?$codecvt@DDU_Mbstatet@@@std@@SA_KPEAPEBVfacet@locale@2@PEBV42@@Z",1,0.00,0.00,0.02,0.02,"MSVCP140.dll",
"pre_c_initialization",1,0.00,0.00,0.02,0.01,"SSE-yu.exe",
"??5?$basic_istream@DU?$char_traits@D@std@@@std@@QEAAAEAV01@P6AAEAV01@AEAV01@@Z@Z",10,0.00,0.00,0.02,0.00,"MSVCP140.dll",
"std::basic_fstream<char,std::char_traits<char> >::basic_fstream<char,std::char_traits<char> >",2,0.00,0.00,0.01,0.00,"SSE-yu.exe",
"_set_new_mode",1,0.00,0.00,0.01,0.01,"SSE-yu.exe",
"std::basic_filebuf<char,std::char_traits<char> >::_Init",8,0.00,0.00,0.00,0.00,"SSE-yu.exe",
"?widen@?$basic_ios@DU?$char_traits@D@std@@@std@@QEBADD@Z",10,0.00,0.00,0.00,0.00,"MSVCP140.dll",
"Input",1,0.35,0.00,14.41,0.01,"SSE-yu.exe",
"?flush@?$basic_ostream@DU?$char_traits@D@std@@@std@@QEAAAEAV12@XZ",10,0.00,0.00,0.00,0.00,"MSVCP140.dll",
"std::operator<<<std::char_traits<char> >",10,0.11,0.00,0.45,0.00,"SSE-yu.exe",
"??0?$basic_iostream@DU?$char_traits@D@std@@@std@@QEAA@PEAV?$basic_streambuf@DU?$char_traits@D@std@@@1@@Z",2,0.00,0.00,0.00,0.00,"MSVCP140.dll",
"?getloc@?$basic_streambuf@DU?$char_traits@D@std@@@std@@QEBA?AVlocale@2@XZ",3,0.00,0.00,0.00,0.00,"MSVCP140.dll",
"Boundary_Init",1,0.00,0.00,0.04,0.00,"SSE-yu.exe",
"[MSVCP140.dll]",10,0.00,0.00,0.00,0.00,"MSVCP140.dll",
"[MSVCP140.dll]",1,0.00,0.00,0.00,0.00,"MSVCP140.dll",
"std::endl<char,std::char_traits<char> >",10,0.00,0.00,0.02,0.00,"SSE-yu.exe",
"??1?$basic_iostream@DU?$char_traits@D@std@@@std@@UEAA@XZ",2,0.00,0.00,0.00,0.00,"MSVCP140.dll",
"Init_check",1,0.11,0.00,4.38,0.00,"SSE-yu.exe",
"_onexit",2,0.00,0.00,0.00,0.00,"SSE-yu.exe",
"?setstate@?$basic_ios@DU?$char_traits@D@std@@@std@@QEAAXH_N@Z",10,0.00,0.00,0.00,0.00,"MSVCP140.dll",
"[MSVCP140.dll]",10,0.00,0.00,0.00,0.00,"MSVCP140.dll",
"?_Osfx@?$basic_ostream@DU?$char_traits@D@std@@@std@@QEAAXXZ",10,0.00,0.00,0.00,0.00,"MSVCP140.dll",
"__security_check_cookie",15,0.00,0.00,0.00,0.00,"SSE-yu.exe",
"??1?$basic_streambuf@DU?$char_traits@D@std@@@std@@UEAA@XZ",2,0.00,0.00,0.00,0.00,"MSVCP140.dll",
"??0_Lockit@std@@QEAA@H@Z",3,0.00,0.00,0.00,0.00,"MSVCP140.dll",
"?_Init@?$basic_streambuf@DU?$char_traits@D@std@@@std@@IEAAXXZ",8,0.00,0.00,0.00,0.00,"MSVCP140.dll",
"??Bid@locale@std@@QEAA_KXZ",3,0.00,0.00,0.00,0.00,"MSVCP140.dll",
"std::basic_fstream<char,std::char_traits<char> >::close",3,0.00,0.00,0.04,0.00,"SSE-yu.exe",
"GetModuleHandleW",1,0.00,0.00,0.00,0.00,"KERNEL32.DLL",
"std::use_facet<std::codecvt<char,char,_Mbstatet> >",3,0.00,0.00,0.01,0.00,"SSE-yu.exe",
"std::basic_filebuf<char,std::char_traits<char> >::open",3,0.01,0.00,0.13,0.00,"SSE-yu.exe",
"??1?$basic_ios@DU?$char_traits@D@std@@@std@@UEAA@XZ",2,0.00,0.00,0.00,0.00,"MSVCP140.dll",
"?always_noconv@codecvt_base@std@@QEBA_NXZ",3,0.00,0.00,0.00,0.00,"MSVCP140.dll",
"std::_Fac_node::`scalar deleting destructor'",1,0.00,0.00,0.00,0.00,"SSE-yu.exe",
"__isa_available_init",1,0.00,0.00,0.00,0.00,"SSE-yu.exe",
"??0?$basic_streambuf@DU?$char_traits@D@std@@@std@@IEAA@XZ",2,0.00,0.00,0.00,0.00,"MSVCP140.dll",
"__scrt_is_managed_app",1,0.00,0.00,0.00,0.00,"SSE-yu.exe",
"std::basic_filebuf<char,std::char_traits<char> >::_Endwrite",3,0.00,0.00,0.00,0.00,"SSE-yu.exe",
"?_Decref@facet@locale@std@@UEAAPEAV_Facet_base@3@XZ",4,0.00,0.00,0.00,0.00,"MSVCP140.dll",
"_get_stream_buffer_pointers",3,0.00,0.00,0.00,0.00,"ucrtbase.dll",
"??0?$basic_ios@DU?$char_traits@D@std@@@std@@IEAA@XZ",2,0.00,0.00,0.00,0.00,"MSVCP140.dll",
"?clear@?$basic_ios@DU?$char_traits@D@std@@@std@@QEAAXH_N@Z",3,0.00,0.00,0.00,0.00,"MSVCP140.dll",
"std::basic_filebuf<char,std::char_traits<char> >::~basic_filebuf<char,std::char_traits<char> >",2,0.00,0.00,0.00,0.00,"SSE-yu.exe",
"??1_Lockit@std@@QEAA@XZ",3,0.00,0.00,0.00,0.00,"MSVCP140.dll",
"main",1,99.99,0.00,"4,097.28",0.00,"SSE-yu.exe",
"std::`dynamic atexit destructor for '_Fac_tidy_reg''",1,0.00,0.00,0.00,0.00,"SSE-yu.exe",
"operator new",1,0.00,0.00,0.00,0.00,"SSE-yu.exe",
"__security_init_cookie",1,0.00,0.00,0.00,0.00,"SSE-yu.exe",
"__scrt_acquire_startup_lock",1,0.00,0.00,0.00,0.00,"SSE-yu.exe",
"__scrt_initialize_crt",1,0.00,0.00,0.00,0.00,"SSE-yu.exe",
"std::_Facet_Register",1,0.00,0.00,0.00,0.00,"SSE-yu.exe",
"atexit",2,0.00,0.00,0.00,0.00,"SSE-yu.exe",
"post_pgo_initialization",1,0.00,0.00,0.00,0.00,"SSE-yu.exe",
"?_Incref@facet@locale@std@@UEAAXXZ",1,0.00,0.00,0.00,0.00,"MSVCP140.dll",
"__scrt_initialize_onexit_tables",1,0.00,0.00,0.00,0.00,"SSE-yu.exe",
"__scrt_initialize_default_local_stdio_options",1,0.00,0.00,0.00,0.00,"SSE-yu.exe",
"_RTC_Initialize",1,0.00,0.00,0.00,0.00,"SSE-yu.exe",
"__scrt_release_startup_lock",1,0.00,0.00,0.00,0.00,"SSE-yu.exe",
"_RTC_Terminate",1,0.00,0.00,0.00,0.00,"SSE-yu.exe",
